;Jmeno;Tym;image_path
0;Aaron Irving;HC Sparta Praha;/mount/src/hokejove_karty/Karty/HC Sparta Praha/Aaron_Irving_HC_Sparta_Praha.png
1;Adam Benák;HC Škoda Plzeň;/mount/src/hokejove_karty/Karty/HC Škoda Plzeň/Adam_Benák_HC_Škoda_Plzeň.png
2;Adam Jánošík;BK Mladá Boleslav;/mount/src/hokejove_karty/Karty/BK Mladá Boleslav/Adam_Jánošík_BK_Mladá_Boleslav.png
3;Adam Jiříček;HC Škoda Plzeň;/mount/src/hokejove_karty/Karty/HC Škoda Plzeň/Adam_Jiříček_HC_Škoda_Plzeň.png
4;Adam Kubík;Banes Motor Č. Budějovice;/mount/src/hokejove_karty/Karty/Banes Motor Č. Budějovice/Adam_Kubík_Banes_Motor_Č._Budějovice.png
5;Adam Musil;HC Dynamo Pardubice;/mount/src/hokejove_karty/Karty/HC Dynamo Pardubice/Adam_Musil_HC_Dynamo_Pardubice.png
6;Adam Najman;Bílí Tygři Liberec;/mount/src/hokejove_karty/Karty/Bílí Tygři Liberec/Adam_Najman_Bílí_Tygři_Liberec.png
7;Adam Polášek;HC Oceláři Třinec;/mount/src/hokejove_karty/Karty/HC Oceláři Třinec/Adam_Polášek_HC_Oceláři_Třinec.png
8;Adam Rulík;HC Energie Karlovy Vary;/mount/src/hokejove_karty/Karty/HC Energie Karlovy Vary/Adam_Rulík_HC_Energie_Karlovy_Vary.png
9;Adam Rutar;HC Olomouc;/mount/src/hokejove_karty/Karty/HC Olomouc/Adam_Rutar_HC_Olomouc.png
10;Adam Smith;HC Oceláři Třinec;/mount/src/hokejove_karty/Karty/HC Oceláři Třinec/Adam_Smith_HC_Oceláři_Třinec.png
11;Adam Zbořil;HC Kometa Brno;/mount/src/hokejove_karty/Karty/HC Kometa Brno/Adam_Zbořil_HC_Kometa_Brno.png
12;Adrián Holešinský;HC Škoda Plzeň;/mount/src/hokejove_karty/Karty/HC Škoda Plzeň/Adrián_Holešinský_HC_Škoda_Plzeň.png
13;Aleksi Laakso;HC Škoda Plzeň;/mount/src/hokejove_karty/Karty/HC Škoda Plzeň/Aleksi_Laakso_HC_Škoda_Plzeň.png
14;Aleksi Rekonen;HC Škoda Plzeň;/mount/src/hokejove_karty/Karty/HC Škoda Plzeň/Aleksi_Rekonen_HC_Škoda_Plzeň.png
15;Aleš Čech;BK Mladá Boleslav;/mount/src/hokejove_karty/Karty/BK Mladá Boleslav/Aleš_Čech_BK_Mladá_Boleslav.png
16;Aleš Jergl;Mountfield HK;/mount/src/hokejove_karty/Karty/Mountfield HK/Aleš_Jergl_Mountfield_HK.png
17;Alex Lintuniemi;BK Mladá Boleslav;/mount/src/hokejove_karty/Karty/BK Mladá Boleslav/Alex_Lintuniemi_BK_Mladá_Boleslav.png
18;Alex Rašner;HC Olomouc;/mount/src/hokejove_karty/Karty/HC Olomouc/Alex_Rašner_HC_Olomouc.png
19;Alex Tamáši;Mountfield HK;/mount/src/hokejove_karty/Karty/Mountfield HK/Alex_Tamáši_Mountfield_HK.png
20;Andrej Kollár;HC Kometa Brno;/mount/src/hokejove_karty/Karty/HC Kometa Brno/Andrej_Kollár_HC_Kometa_Brno.png
21;Andrej Kudrna;HC VERVA Litvínov;/mount/src/hokejove_karty/Karty/HC VERVA Litvínov/Andrej_Kudrna_HC_VERVA_Litvínov.png
22;Andrej Nestrašil;HC Oceláři Třinec;/mount/src/hokejove_karty/Karty/HC Oceláři Třinec/Andrej_Nestrašil_HC_Oceláři_Třinec.png
23;Antonín Melka;Rytíři Kladno;/mount/src/hokejove_karty/Karty/Rytíři Kladno/Antonín_Melka_Rytíři_Kladno.png
24;Aron Chmielewski;HC Olomouc;/mount/src/hokejove_karty/Karty/HC Olomouc/Aron_Chmielewski_HC_Olomouc.png
25;Bohumil Jank;Mountfield HK;/mount/src/hokejove_karty/Karty/Mountfield HK/Bohumil_Jank_Mountfield_HK.png
26;Brant Harris;Banes Motor Č. Budějovice;/mount/src/hokejove_karty/Karty/Banes Motor Č. Budějovice/Brant_Harris_Banes_Motor_Č._Budějovice.png
27;Dalibor Řezníček;HC Olomouc;/mount/src/hokejove_karty/Karty/HC Olomouc/Dalibor_Řezníček_HC_Olomouc.png
28;Dalimil Mikyska;HC Energie Karlovy Vary;/mount/src/hokejove_karty/Karty/HC Energie Karlovy Vary/Dalimil_Mikyska_HC_Energie_Karlovy_Vary.png
29;Daniel Gazda;HC Kometa Brno;/mount/src/hokejove_karty/Karty/HC Kometa Brno/Daniel_Gazda_HC_Kometa_Brno.png
30;Daniel Kružík;HC Energie Karlovy Vary;/mount/src/hokejove_karty/Karty/HC Energie Karlovy Vary/Daniel_Kružík_HC_Energie_Karlovy_Vary.png
31;Daniel Kurovský;HC Oceláři Třinec;/mount/src/hokejove_karty/Karty/HC Oceláři Třinec/Daniel_Kurovský_HC_Oceláři_Třinec.png
32;Daniel Malák;HC Škoda Plzeň;/mount/src/hokejove_karty/Karty/HC Škoda Plzeň/Daniel_Malák_HC_Škoda_Plzeň.png
33;Daniel Voženílek;HC Oceláři Třinec;/mount/src/hokejove_karty/Karty/HC Oceláři Třinec/Daniel_Voženílek_HC_Oceláři_Třinec.png
34;David Bernad;BK Mladá Boleslav;/mount/src/hokejove_karty/Karty/BK Mladá Boleslav/David_Bernad_BK_Mladá_Boleslav.png
35;David Cienciala;HC Oceláři Třinec;/mount/src/hokejove_karty/Karty/HC Oceláři Třinec/David_Cienciala_HC_Oceláři_Třinec.png
36;David Dvořáček;BK Mladá Boleslav;/mount/src/hokejove_karty/Karty/BK Mladá Boleslav/David_Dvořáček_BK_Mladá_Boleslav.png
37;Dávid Gríger;HC Energie Karlovy Vary;/mount/src/hokejove_karty/Karty/HC Energie Karlovy Vary/Dávid_Gríger_HC_Energie_Karlovy_Vary.png
38;David Kaše;HC VERVA Litvínov;/mount/src/hokejove_karty/Karty/HC VERVA Litvínov/David_Kaše_HC_VERVA_Litvínov.png
39;David Kofroň;HC Energie Karlovy Vary;/mount/src/hokejove_karty/Karty/HC Energie Karlovy Vary/David_Kofroň_HC_Energie_Karlovy_Vary.png
40;David Kvasnička;HC Škoda Plzeň;/mount/src/hokejove_karty/Karty/HC Škoda Plzeň/David_Kvasnička_HC_Škoda_Plzeň.png
41;David Musil;HC Dynamo Pardubice;/mount/src/hokejove_karty/Karty/HC Dynamo Pardubice/David_Musil_HC_Dynamo_Pardubice.png
42;David Němeček;HC Sparta Praha;/mount/src/hokejove_karty/Karty/HC Sparta Praha/David_Němeček_HC_Sparta_Praha.png
43;David Škůrek;HC Olomouc;/mount/src/hokejove_karty/Karty/HC Olomouc/David_Škůrek_HC_Olomouc.png
44;David Šťastný;Mountfield HK;/mount/src/hokejove_karty/Karty/Mountfield HK/David_Šťastný_Mountfield_HK.png
45;David Štich;Banes Motor Č. Budějovice;/mount/src/hokejove_karty/Karty/Banes Motor Č. Budějovice/David_Štich_Banes_Motor_Č._Budějovice.png
46;David Vitouch;HC Sparta Praha;/mount/src/hokejove_karty/Karty/HC Sparta Praha/David_Vitouch_HC_Sparta_Praha.png
47;Denis Kusý;Rytíři Kladno;/mount/src/hokejove_karty/Karty/Rytíři Kladno/Denis_Kusý_Rytíři_Kladno.png
48;Denis Zeman;HC VERVA Litvínov;/mount/src/hokejove_karty/Karty/HC VERVA Litvínov/Denis_Zeman_HC_VERVA_Litvínov.png
49;Deven Sideroff;Rytíři Kladno;/mount/src/hokejove_karty/Karty/Rytíři Kladno/Deven_Sideroff_Rytíři_Kladno.png
50;Dominik Lakatoš;HC Vítkovice RIDERA;/mount/src/hokejove_karty/Karty/HC Vítkovice RIDERA/Dominik_Lakatoš_HC_Vítkovice_RIDERA.png
51;Dominik Simon;Banes Motor Č. Budějovice;/mount/src/hokejove_karty/Karty/Banes Motor Č. Budějovice/Dominik_Simon_Banes_Motor_Č._Budějovice.png
52;Eduards Tralmaks;Rytíři Kladno;/mount/src/hokejove_karty/Karty/Rytíři Kladno/Eduards_Tralmaks_Rytíři_Kladno.png
53;Evan Jasper;Mountfield HK;/mount/src/hokejove_karty/Karty/Mountfield HK/Evan_Jasper_Mountfield_HK.png
54;Filip Chlapík;HC Sparta Praha;/mount/src/hokejove_karty/Karty/HC Sparta Praha/Filip_Chlapík_HC_Sparta_Praha.png
55;Filip Jansa;HC Škoda Plzeň;/mount/src/hokejove_karty/Karty/HC Škoda Plzeň/Filip_Jansa_HC_Škoda_Plzeň.png
56;Filip Koffer;HC Energie Karlovy Vary;/mount/src/hokejove_karty/Karty/HC Energie Karlovy Vary/Filip_Koffer_HC_Energie_Karlovy_Vary.png
57;Filip Krivošík;BK Mladá Boleslav;/mount/src/hokejove_karty/Karty/BK Mladá Boleslav/Filip_Krivošík_BK_Mladá_Boleslav.png
58;Filip Pavlík;BK Mladá Boleslav;/mount/src/hokejove_karty/Karty/BK Mladá Boleslav/Filip_Pavlík_BK_Mladá_Boleslav.png
59;Filip Přikryl;Banes Motor Č. Budějovice;/mount/src/hokejove_karty/Karty/Banes Motor Č. Budějovice/Filip_Přikryl_Banes_Motor_Č._Budějovice.png
60;Filip Pyrochta;BK Mladá Boleslav;/mount/src/hokejove_karty/Karty/BK Mladá Boleslav/Filip_Pyrochta_BK_Mladá_Boleslav.png
61;Filip Suchý;BK Mladá Boleslav;/mount/src/hokejove_karty/Karty/BK Mladá Boleslav/Filip_Suchý_BK_Mladá_Boleslav.png
62;Giorgio Estephan;Mountfield HK;/mount/src/hokejove_karty/Karty/Mountfield HK/Giorgio_Estephan_Mountfield_HK.png
63;Chris Martenet;Rytíři Kladno;/mount/src/hokejove_karty/Karty/Rytíři Kladno/Chris_Martenet_Rytíři_Kladno.png
64;Christophe Lalancette;Mountfield HK;/mount/src/hokejove_karty/Karty/Mountfield HK/Christophe_Lalancette_Mountfield_HK.png
65;Ian McCoshen;Bílí Tygři Liberec;/mount/src/hokejove_karty/Karty/Bílí Tygři Liberec/Ian_McCoshen_Bílí_Tygři_Liberec.png
66;Iikka Kangasniemi;HC Energie Karlovy Vary;/mount/src/hokejove_karty/Karty/HC Energie Karlovy Vary/Iikka_Kangasniemi_HC_Energie_Karlovy_Vary.png
67;Jáchym Kondelík;Banes Motor Č. Budějovice;/mount/src/hokejove_karty/Karty/Banes Motor Č. Budějovice/Jáchym_Kondelík_Banes_Motor_Č._Budějovice.png
68;Jake Dotchin;Rytíři Kladno;/mount/src/hokejove_karty/Karty/Rytíři Kladno/Jake_Dotchin_Rytíři_Kladno.png
69;Jakub Babka;Rytíři Kladno;/mount/src/hokejove_karty/Karty/Rytíři Kladno/Jakub_Babka_Rytíři_Kladno.png
70;Jakub Dvořák;Bílí Tygři Liberec;/mount/src/hokejove_karty/Karty/Bílí Tygři Liberec/Jakub_Dvořák_Bílí_Tygři_Liberec.png
71;Jakub Flek;HC Kometa Brno;/mount/src/hokejove_karty/Karty/HC Kometa Brno/Jakub_Flek_HC_Kometa_Brno.png
72;Jakub Jeřábek;HC Oceláři Třinec;/mount/src/hokejove_karty/Karty/HC Oceláři Třinec/Jakub_Jeřábek_HC_Oceláři_Třinec.png
73;Jakub Klepiš;Rytíři Kladno;/mount/src/hokejove_karty/Karty/Rytíři Kladno/Jakub_Klepiš_Rytíři_Kladno.png
74;Jakub Konečný;HC Sparta Praha;/mount/src/hokejove_karty/Karty/HC Sparta Praha/Jakub_Konečný_HC_Sparta_Praha.png
75;Jakub Kos;HC Kometa Brno;/mount/src/hokejove_karty/Karty/HC Kometa Brno/Jakub_Kos_HC_Kometa_Brno.png
76;Jakub Kotala;HC Vítkovice RIDERA;/mount/src/hokejove_karty/Karty/HC Vítkovice RIDERA/Jakub_Kotala_HC_Vítkovice_RIDERA.png
77;Jakub Krejčík;HC Sparta Praha;/mount/src/hokejove_karty/Karty/HC Sparta Praha/Jakub_Krejčík_HC_Sparta_Praha.png
78;Jakub Lev;HC Škoda Plzeň;/mount/src/hokejove_karty/Karty/HC Škoda Plzeň/Jakub_Lev_HC_Škoda_Plzeň.png
79;Jakub Navrátil;HC Olomouc;/mount/src/hokejove_karty/Karty/HC Olomouc/Jakub_Navrátil_HC_Olomouc.png
80;Jakub Orsava;HC Olomouc;/mount/src/hokejove_karty/Karty/HC Olomouc/Jakub_Orsava_HC_Olomouc.png
81;Jakub Pour;HC Škoda Plzeň;/mount/src/hokejove_karty/Karty/HC Škoda Plzeň/Jakub_Pour_HC_Škoda_Plzeň.png
82;Jakub Rychlovský;Bílí Tygři Liberec;/mount/src/hokejove_karty/Karty/Bílí Tygři Liberec/Jakub_Rychlovský_Bílí_Tygři_Liberec.png
83;Jakub Sirota;HC Olomouc;/mount/src/hokejove_karty/Karty/HC Olomouc/Jakub_Sirota_HC_Olomouc.png
84;Jakub Strnad;Rytíři Kladno;/mount/src/hokejove_karty/Karty/Rytíři Kladno/Jakub_Strnad_Rytíři_Kladno.png
85;Jakub Šiler;HC Škoda Plzeň;/mount/src/hokejove_karty/Karty/HC Škoda Plzeň/Jakub_Šiler_HC_Škoda_Plzeň.png
86;Jakub Valský;Banes Motor Č. Budějovice;/mount/src/hokejove_karty/Karty/Banes Motor Č. Budějovice/Jakub_Valský_Banes_Motor_Č._Budějovice.png
87;Jan Bambula;HC Olomouc;/mount/src/hokejove_karty/Karty/HC Olomouc/Jan_Bambula_HC_Olomouc.png
88;Jan Buchtele;HC Sparta Praha;/mount/src/hokejove_karty/Karty/HC Sparta Praha/Jan_Buchtele_HC_Sparta_Praha.png
89;Jan Eberle;Mountfield HK;/mount/src/hokejove_karty/Karty/Mountfield HK/Jan_Eberle_Mountfield_HK.png
90;Jan Hladonik;HC Energie Karlovy Vary;/mount/src/hokejove_karty/Karty/HC Energie Karlovy Vary/Jan_Hladonik_HC_Energie_Karlovy_Vary.png
91;Jan Káňa;HC Olomouc;/mount/src/hokejove_karty/Karty/HC Olomouc/Jan_Káňa_HC_Olomouc.png
92;Jan Knotek;HC Olomouc;/mount/src/hokejove_karty/Karty/HC Olomouc/Jan_Knotek_HC_Olomouc.png
93;Jan Kolář;HC Dynamo Pardubice;/mount/src/hokejove_karty/Karty/HC Dynamo Pardubice/Jan_Kolář_HC_Dynamo_Pardubice.png
94;Jan Košťálek;HC Dynamo Pardubice;/mount/src/hokejove_karty/Karty/HC Dynamo Pardubice/Jan_Košťálek_HC_Dynamo_Pardubice.png
95;Jan Mandát;HC Dynamo Pardubice;/mount/src/hokejove_karty/Karty/HC Dynamo Pardubice/Jan_Mandát_HC_Dynamo_Pardubice.png
96;Jan Ordoš;Banes Motor Č. Budějovice;/mount/src/hokejove_karty/Karty/Banes Motor Č. Budějovice/Jan_Ordoš_Banes_Motor_Č._Budějovice.png
97;Jan Piskáček;HC Škoda Plzeň;/mount/src/hokejove_karty/Karty/HC Škoda Plzeň/Jan_Piskáček_HC_Škoda_Plzeň.png
98;Jan Schleiss;HC Škoda Plzeň;/mount/src/hokejove_karty/Karty/HC Škoda Plzeň/Jan_Schleiss_HC_Škoda_Plzeň.png
99;Jan Stránský;BK Mladá Boleslav;/mount/src/hokejove_karty/Karty/BK Mladá Boleslav/Jan_Stránský_BK_Mladá_Boleslav.png
100;Jan Ščotka;HC Kometa Brno;/mount/src/hokejove_karty/Karty/HC Kometa Brno/Jan_Ščotka_HC_Kometa_Brno.png
101;Jan Šír;Bílí Tygři Liberec;/mount/src/hokejove_karty/Karty/Bílí Tygři Liberec/Jan_Šír_Bílí_Tygři_Liberec.png
102;Jan Štencel;Banes Motor Č. Budějovice;/mount/src/hokejove_karty/Karty/Banes Motor Č. Budějovice/Jan_Štencel_Banes_Motor_Č._Budějovice.png
103;Jan Švrček;HC Olomouc;/mount/src/hokejove_karty/Karty/HC Olomouc/Jan_Švrček_HC_Olomouc.png
104;Jan Závora;BK Mladá Boleslav;/mount/src/hokejove_karty/Karty/BK Mladá Boleslav/Jan_Závora_BK_Mladá_Boleslav.png
105;Jani Lajunen;HC Sparta Praha;/mount/src/hokejove_karty/Karty/HC Sparta Praha/Jani_Lajunen_HC_Sparta_Praha.png
106;Janis Jaks;HC VERVA Litvínov;/mount/src/hokejove_karty/Karty/HC VERVA Litvínov/Janis_Jaks_HC_VERVA_Litvínov.png
107;Jaromír Jágr;Rytíři Kladno;/mount/src/hokejove_karty/Karty/Rytíři Kladno/Jaromír_Jágr_Rytíři_Kladno.png
108;Jaromír Pérez;Bílí Tygři Liberec;/mount/src/hokejove_karty/Karty/Bílí Tygři Liberec/Jaromír_Pérez_Bílí_Tygři_Liberec.png
109;Jaromír Pytlík;Rytíři Kladno;/mount/src/hokejove_karty/Karty/Rytíři Kladno/Jaromír_Pytlík_Rytíři_Kladno.png
110;Jaroslav Vlach;Bílí Tygři Liberec;/mount/src/hokejove_karty/Karty/Bílí Tygři Liberec/Jaroslav_Vlach_Bílí_Tygři_Liberec.png
111;Jayce Hawryluk;Bílí Tygři Liberec;/mount/src/hokejove_karty/Karty/Bílí Tygři Liberec/Jayce_Hawryluk_Bílí_Tygři_Liberec.png
112;Jérémie Ouellet-Blain;Mountfield HK;/mount/src/hokejove_karty/Karty/Mountfield HK/Jérémie_Ouellet-Blain_Mountfield_HK.png
113;Jindřich Abdul;HC VERVA Litvínov;/mount/src/hokejove_karty/Karty/HC VERVA Litvínov/Jindřich_Abdul_HC_VERVA_Litvínov.png
114;Jiří Černoch;HC Energie Karlovy Vary;/mount/src/hokejove_karty/Karty/HC Energie Karlovy Vary/Jiří_Černoch_HC_Energie_Karlovy_Vary.png
115;Jiří Ondrušek;HC Olomouc;/mount/src/hokejove_karty/Karty/HC Olomouc/Jiří_Ondrušek_HC_Olomouc.png
116;Jiří Ticháček;Rytíři Kladno;/mount/src/hokejove_karty/Karty/Rytíři Kladno/Jiří_Ticháček_Rytíři_Kladno.png
117;Joachim Rohdin;BK Mladá Boleslav;/mount/src/hokejove_karty/Karty/BK Mladá Boleslav/Joachim_Rohdin_BK_Mladá_Boleslav.png
118;Jonáš Peterek;HC Vítkovice RIDERA;/mount/src/hokejove_karty/Karty/HC Vítkovice RIDERA/Jonáš_Peterek_HC_Vítkovice_RIDERA.png
119;Joona Huttula;HC Energie Karlovy Vary;/mount/src/hokejove_karty/Karty/HC Energie Karlovy Vary/Joona_Huttula_HC_Energie_Karlovy_Vary.png
120;Jordann Perret;Mountfield HK;/mount/src/hokejove_karty/Karty/Mountfield HK/Jordann_Perret_Mountfield_HK.png
121;Josef Jícha;HC VERVA Litvínov;/mount/src/hokejove_karty/Karty/HC VERVA Litvínov/Josef_Jícha_HC_VERVA_Litvínov.png
122;Josef Koláček;Banes Motor Č. Budějovice;/mount/src/hokejove_karty/Karty/Banes Motor Č. Budějovice/Josef_Koláček_Banes_Motor_Č._Budějovice.png
123;Josh Kestner;HC Sparta Praha;/mount/src/hokejove_karty/Karty/HC Sparta Praha/Josh_Kestner_HC_Sparta_Praha.png
124;Juhamatti Aaltonen;BK Mladá Boleslav;/mount/src/hokejove_karty/Karty/BK Mladá Boleslav/Juhamatti_Aaltonen_BK_Mladá_Boleslav.png
125;Juraj Mikuš;HC Vítkovice RIDERA;/mount/src/hokejove_karty/Karty/HC Vítkovice RIDERA/Juraj_Mikuš_HC_Vítkovice_RIDERA.png
126;Karel Plášek;HC Olomouc;/mount/src/hokejove_karty/Karty/HC Olomouc/Karel_Plášek_HC_Olomouc.png
127;Kelly Klíma;Bílí Tygři Liberec;/mount/src/hokejove_karty/Karty/Bílí Tygři Liberec/Kelly_Klíma_Bílí_Tygři_Liberec.png
128;Kevin Czuczman;HC VERVA Litvínov;/mount/src/hokejove_karty/Karty/HC VERVA Litvínov/Kevin_Czuczman_HC_VERVA_Litvínov.png
129;Kristaps Zile;HC VERVA Litvínov;/mount/src/hokejove_karty/Karty/HC VERVA Litvínov/Kristaps_Zile_HC_VERVA_Litvínov.png
130;Kristián Pospíšil;HC Kometa Brno;/mount/src/hokejove_karty/Karty/HC Kometa Brno/Kristián_Pospíšil_HC_Kometa_Brno.png
131;Kryštof Hrabík;HC Sparta Praha;/mount/src/hokejove_karty/Karty/HC Sparta Praha/Kryštof_Hrabík_HC_Sparta_Praha.png
132;Liam Kirk;HC VERVA Litvínov;/mount/src/hokejove_karty/Karty/HC VERVA Litvínov/Liam_Kirk_HC_VERVA_Litvínov.png
133;Libor Hájek;HC Dynamo Pardubice;/mount/src/hokejove_karty/Karty/HC Dynamo Pardubice/Libor_Hájek_HC_Dynamo_Pardubice.png
134;Libor Hudáček;HC Oceláři Třinec;/mount/src/hokejove_karty/Karty/HC Oceláři Třinec/Libor_Hudáček_HC_Oceláři_Třinec.png
135;Lukas Zetterberg;HC Energie Karlovy Vary;/mount/src/hokejove_karty/Karty/HC Energie Karlovy Vary/Lukas_Zetterberg_HC_Energie_Karlovy_Vary.png
136;Lukáš Anděl;HC Olomouc;/mount/src/hokejove_karty/Karty/HC Olomouc/Lukáš_Anděl_HC_Olomouc.png
137;Lukáš Cingeľ;HC Kometa Brno;/mount/src/hokejove_karty/Karty/HC Kometa Brno/Lukáš_Cingeľ_HC_Kometa_Brno.png
138;Lukáš Derner;Bílí Tygři Liberec;/mount/src/hokejove_karty/Karty/Bílí Tygři Liberec/Lukáš_Derner_Bílí_Tygři_Liberec.png
139;Lukáš Kaňák;HC Kometa Brno;/mount/src/hokejove_karty/Karty/HC Kometa Brno/Lukáš_Kaňák_HC_Kometa_Brno.png
140;Lukáš Klimek;HC Olomouc;/mount/src/hokejove_karty/Karty/HC Olomouc/Lukáš_Klimek_HC_Olomouc.png
141;Lukáš Kovář;HC Vítkovice RIDERA;/mount/src/hokejove_karty/Karty/HC Vítkovice RIDERA/Lukáš_Kovář_HC_Vítkovice_RIDERA.png
142;Lukáš Kucsera;HC Olomouc;/mount/src/hokejove_karty/Karty/HC Olomouc/Lukáš_Kucsera_HC_Olomouc.png
143;Lukáš Mareš;HC Olomouc;/mount/src/hokejove_karty/Karty/HC Olomouc/Lukáš_Mareš_HC_Olomouc.png
144;Lukáš Nahodil;HC Olomouc;/mount/src/hokejove_karty/Karty/HC Olomouc/Lukáš_Nahodil_HC_Olomouc.png
145;Lukáš Pech;Banes Motor Č. Budějovice;/mount/src/hokejove_karty/Karty/Banes Motor Č. Budějovice/Lukáš_Pech_Banes_Motor_Č._Budějovice.png
146;Lukáš Pulpán;HC Energie Karlovy Vary;/mount/src/hokejove_karty/Karty/HC Energie Karlovy Vary/Lukáš_Pulpán_HC_Energie_Karlovy_Vary.png
147;Lukáš Radil;HC Dynamo Pardubice;/mount/src/hokejove_karty/Karty/HC Dynamo Pardubice/Lukáš_Radil_HC_Dynamo_Pardubice.png
148;Lukáš Sedlák;HC Dynamo Pardubice;/mount/src/hokejove_karty/Karty/HC Dynamo Pardubice/Lukáš_Sedlák_HC_Dynamo_Pardubice.png
149;Lukáš Válek;HC VERVA Litvínov;/mount/src/hokejove_karty/Karty/HC VERVA Litvínov/Lukáš_Válek_HC_VERVA_Litvínov.png
150;Lukáš Vopelka;Banes Motor Č. Budějovice;/mount/src/hokejove_karty/Karty/Banes Motor Č. Budějovice/Lukáš_Vopelka_Banes_Motor_Č._Budějovice.png
151;Marcel Barinka;HC Vítkovice RIDERA;/mount/src/hokejove_karty/Karty/HC Vítkovice RIDERA/Marcel_Barinka_HC_Vítkovice_RIDERA.png
152;Marek Baránek;HC VERVA Litvínov;/mount/src/hokejove_karty/Karty/HC VERVA Litvínov/Marek_Baránek_HC_VERVA_Litvínov.png
153;Marek Ďaloga;HC Kometa Brno;/mount/src/hokejove_karty/Karty/HC Kometa Brno/Marek_Ďaloga_HC_Kometa_Brno.png
154;Marek Kalus;HC Vítkovice RIDERA;/mount/src/hokejove_karty/Karty/HC Vítkovice RIDERA/Marek_Kalus_HC_Vítkovice_RIDERA.png
155;Marek Zachar;Bílí Tygři Liberec;/mount/src/hokejove_karty/Karty/Bílí Tygři Liberec/Marek_Zachar_Bílí_Tygři_Liberec.png
156;Marian Adámek;HC Oceláři Třinec;/mount/src/hokejove_karty/Karty/HC Oceláři Třinec/Marian_Adámek_HC_Oceláři_Třinec.png
157;Mario Grman;HC Vítkovice RIDERA;/mount/src/hokejove_karty/Karty/HC Vítkovice RIDERA/Mario_Grman_HC_Vítkovice_RIDERA.png
158;Marko Daňo;HC Oceláři Třinec;/mount/src/hokejove_karty/Karty/HC Oceláři Třinec/Marko_Daňo_HC_Oceláři_Třinec.png
159;Martin Beránek;Banes Motor Č. Budějovice;/mount/src/hokejove_karty/Karty/Banes Motor Č. Budějovice/Martin_Beránek_Banes_Motor_Č._Budějovice.png
160;Martin Bučko;HC Škoda Plzeň;/mount/src/hokejove_karty/Karty/HC Škoda Plzeň/Martin_Bučko_HC_Škoda_Plzeň.png
161;Martin Faško-Rudáš;Bílí Tygři Liberec;/mount/src/hokejove_karty/Karty/Bílí Tygři Liberec/Martin_Faško-Rudáš_Bílí_Tygři_Liberec.png
162;Martin Hanzl;Banes Motor Č. Budějovice;/mount/src/hokejove_karty/Karty/Banes Motor Č. Budějovice/Martin_Hanzl_Banes_Motor_Č._Budějovice.png
163;Martin Havelka;HC VERVA Litvínov;/mount/src/hokejove_karty/Karty/HC VERVA Litvínov/Martin_Havelka_HC_VERVA_Litvínov.png
164;Martin Kaut;HC Dynamo Pardubice;/mount/src/hokejove_karty/Karty/HC Dynamo Pardubice/Martin_Kaut_HC_Dynamo_Pardubice.png
165;Martin Kohout;HC Kometa Brno;/mount/src/hokejove_karty/Karty/HC Kometa Brno/Martin_Kohout_HC_Kometa_Brno.png
166;Martin Marinčin;HC Oceláři Třinec;/mount/src/hokejove_karty/Karty/HC Oceláři Třinec/Martin_Marinčin_HC_Oceláři_Třinec.png
167;Martin Nemčík;Rytíři Kladno;/mount/src/hokejove_karty/Karty/Rytíři Kladno/Martin_Nemčík_Rytíři_Kladno.png
168;Martin Pláněk;Mountfield HK;/mount/src/hokejove_karty/Karty/Mountfield HK/Martin_Pláněk_Mountfield_HK.png
169;Martin Procházka;Rytíři Kladno;/mount/src/hokejove_karty/Karty/Rytíři Kladno/Martin_Procházka_Rytíři_Kladno.png
170;Martin Růžička;HC Oceláři Třinec;/mount/src/hokejove_karty/Karty/HC Oceláři Třinec/Martin_Růžička_HC_Oceláři_Třinec.png
171;Martin Zaťovič;HC Kometa Brno;/mount/src/hokejove_karty/Karty/HC Kometa Brno/Martin_Zaťovič_HC_Kometa_Brno.png
172;Matěj Chalupa;Mountfield HK;/mount/src/hokejove_karty/Karty/Mountfield HK/Matěj_Chalupa_Mountfield_HK.png
173;Matěj Maštalířský;HC VERVA Litvínov;/mount/src/hokejove_karty/Karty/HC VERVA Litvínov/Matěj_Maštalířský_HC_VERVA_Litvínov.png
174;Matej Paulovič;HC Dynamo Pardubice;/mount/src/hokejove_karty/Karty/HC Dynamo Pardubice/Matej_Paulovič_HC_Dynamo_Pardubice.png
175;Matěj Prčík;HC Vítkovice RIDERA;/mount/src/hokejove_karty/Karty/HC Vítkovice RIDERA/Matěj_Prčík_HC_Vítkovice_RIDERA.png
176;Matěj Stříteský;HC Energie Karlovy Vary;/mount/src/hokejove_karty/Karty/HC Energie Karlovy Vary/Matěj_Stříteský_HC_Energie_Karlovy_Vary.png
177;Matěj Toman;Banes Motor Č. Budějovice;/mount/src/hokejove_karty/Karty/Banes Motor Č. Budějovice/Matěj_Toman_Banes_Motor_Č._Budějovice.png
178;Matouš Menšík;HC Olomouc;/mount/src/hokejove_karty/Karty/HC Olomouc/Matouš_Menšík_HC_Olomouc.png
179;Matti Järvinen;BK Mladá Boleslav;/mount/src/hokejove_karty/Karty/BK Mladá Boleslav/Matti_Järvinen_BK_Mladá_Boleslav.png
180;Matúš Sukel';HC VERVA Litvínov;/mount/src/hokejove_karty/Karty/HC VERVA Litvínov/Matúš_Sukel'_HC_VERVA_Litvínov.png
181;Michael Frolík;Rytíři Kladno;/mount/src/hokejove_karty/Karty/Rytíři Kladno/Michael_Frolík_Rytíři_Kladno.png
182;Michal Birner;Bílí Tygři Liberec;/mount/src/hokejove_karty/Karty/Bílí Tygři Liberec/Michal_Birner_Bílí_Tygři_Liberec.png
183;Michal Bulíř;Bílí Tygři Liberec;/mount/src/hokejove_karty/Karty/Bílí Tygři Liberec/Michal_Bulíř_Bílí_Tygři_Liberec.png
184;Michal Gulaši;Banes Motor Č. Budějovice;/mount/src/hokejove_karty/Karty/Banes Motor Č. Budějovice/Michal_Gulaši_Banes_Motor_Č._Budějovice.png
185;Michal Gut;HC VERVA Litvínov;/mount/src/hokejove_karty/Karty/HC VERVA Litvínov/Michal_Gut_HC_VERVA_Litvínov.png
186;Michal Houdek;HC Dynamo Pardubice;/mount/src/hokejove_karty/Karty/HC Dynamo Pardubice/Michal_Houdek_HC_Dynamo_Pardubice.png
187;Michal Hrádek;HC Dynamo Pardubice;/mount/src/hokejove_karty/Karty/HC Dynamo Pardubice/Michal_Hrádek_HC_Dynamo_Pardubice.png
188;Michal Ivan;Bílí Tygři Liberec;/mount/src/hokejove_karty/Karty/Bílí Tygři Liberec/Michal_Ivan_Bílí_Tygři_Liberec.png
189;Michal Kempný;HC Sparta Praha;/mount/src/hokejove_karty/Karty/HC Sparta Praha/Michal_Kempný_HC_Sparta_Praha.png
190;Michal Kunc;HC Olomouc;/mount/src/hokejove_karty/Karty/HC Olomouc/Michal_Kunc_HC_Olomouc.png
191;Michal Moravčík;HC Sparta Praha;/mount/src/hokejove_karty/Karty/HC Sparta Praha/Michal_Moravčík_HC_Sparta_Praha.png
192;Michal Plutnar;HC Energie Karlovy Vary;/mount/src/hokejove_karty/Karty/HC Energie Karlovy Vary/Michal_Plutnar_HC_Energie_Karlovy_Vary.png
193;Michal Řepík;HC Sparta Praha;/mount/src/hokejove_karty/Karty/HC Sparta Praha/Michal_Řepík_HC_Sparta_Praha.png
194;Mikuláš Hovorka;Banes Motor Č. Budějovice;/mount/src/hokejove_karty/Karty/Banes Motor Č. Budějovice/Mikuláš_Hovorka_Banes_Motor_Č._Budějovice.png
195;Milan Doudera;Banes Motor Č. Budějovice;/mount/src/hokejove_karty/Karty/Banes Motor Č. Budějovice/Milan_Doudera_Banes_Motor_Č._Budějovice.png
196;Milan Gulaš;Banes Motor Č. Budějovice;/mount/src/hokejove_karty/Karty/Banes Motor Č. Budějovice/Milan_Gulaš_Banes_Motor_Č._Budějovice.png
197;Miloš Roman;HC Oceláři Třinec;/mount/src/hokejove_karty/Karty/HC Oceláři Třinec/Miloš_Roman_HC_Oceláři_Třinec.png
198;Miroslav Forman;HC Sparta Praha;/mount/src/hokejove_karty/Karty/HC Sparta Praha/Miroslav_Forman_HC_Sparta_Praha.png
199;Miroslav Indrák;HC Škoda Plzeň;/mount/src/hokejove_karty/Karty/HC Škoda Plzeň/Miroslav_Indrák_HC_Škoda_Plzeň.png
200;Nicolas Hlava;HC VERVA Litvínov;/mount/src/hokejove_karty/Karty/HC VERVA Litvínov/Nicolas_Hlava_HC_VERVA_Litvínov.png
201;Oliver Okuliar;Mountfield HK;/mount/src/hokejove_karty/Karty/Mountfield HK/Oliver_Okuliar_Mountfield_HK.png
202;Ondřej Beránek;HC Energie Karlovy Vary;/mount/src/hokejove_karty/Karty/HC Energie Karlovy Vary/Ondřej_Beránek_HC_Energie_Karlovy_Vary.png
203;Ondřej Bláha;Rytíři Kladno;/mount/src/hokejove_karty/Karty/Rytíři Kladno/Ondřej_Bláha_Rytíři_Kladno.png
204;Ondřej Dlapa;HC Energie Karlovy Vary;/mount/src/hokejove_karty/Karty/HC Energie Karlovy Vary/Ondřej_Dlapa_HC_Energie_Karlovy_Vary.png
205;Ondřej Jurčík;HC VERVA Litvínov;/mount/src/hokejove_karty/Karty/HC VERVA Litvínov/Ondřej_Jurčík_HC_VERVA_Litvínov.png
206;Ondřej Kachyňa;Banes Motor Č. Budějovice;/mount/src/hokejove_karty/Karty/Banes Motor Č. Budějovice/Ondřej_Kachyňa_Banes_Motor_Č._Budějovice.png
207;Ondřej Kaše;HC VERVA Litvínov;/mount/src/hokejove_karty/Karty/HC VERVA Litvínov/Ondřej_Kaše_HC_VERVA_Litvínov.png
208;Ondřej Matýs;HC Škoda Plzeň;/mount/src/hokejove_karty/Karty/HC Škoda Plzeň/Ondřej_Matýs_HC_Škoda_Plzeň.png
209;Ondřej Mikliš;HC Sparta Praha;/mount/src/hokejove_karty/Karty/HC Sparta Praha/Ondřej_Mikliš_HC_Sparta_Praha.png
210;Ondřej Najman;HC Sparta Praha;/mount/src/hokejove_karty/Karty/HC Sparta Praha/Ondřej_Najman_HC_Sparta_Praha.png
211;Ondřej Procházka;HC Energie Karlovy Vary;/mount/src/hokejove_karty/Karty/HC Energie Karlovy Vary/Ondřej_Procházka_HC_Energie_Karlovy_Vary.png
212;Ondřej Rohlík;HC Dynamo Pardubice;/mount/src/hokejove_karty/Karty/HC Dynamo Pardubice/Ondřej_Rohlík_HC_Dynamo_Pardubice.png
213;Ondřej Roman;BK Mladá Boleslav;/mount/src/hokejove_karty/Karty/BK Mladá Boleslav/Ondřej_Roman_BK_Mladá_Boleslav.png
214;Ondřej Slováček;Rytíři Kladno;/mount/src/hokejove_karty/Karty/Rytíři Kladno/Ondřej_Slováček_Rytíři_Kladno.png
215;Ondřej Vála;HC Dynamo Pardubice;/mount/src/hokejove_karty/Karty/HC Dynamo Pardubice/Ondřej_Vála_HC_Dynamo_Pardubice.png
216;Oscar Flynn;Bílí Tygři Liberec;/mount/src/hokejove_karty/Karty/Bílí Tygři Liberec/Oscar_Flynn_Bílí_Tygři_Liberec.png
217;Patrik Demel;HC VERVA Litvínov;/mount/src/hokejove_karty/Karty/HC VERVA Litvínov/Patrik_Demel_HC_VERVA_Litvínov.png
218;Patrik Hrehorčák;HC Oceláři Třinec;/mount/src/hokejove_karty/Karty/HC Oceláři Třinec/Patrik_Hrehorčák_HC_Oceláři_Třinec.png
219;Patrik Marcel;Mountfield HK;/mount/src/hokejove_karty/Karty/Mountfield HK/Patrik_Marcel_Mountfield_HK.png
220;Patrik Miškář;Mountfield HK;/mount/src/hokejove_karty/Karty/Mountfield HK/Patrik_Miškář_Mountfield_HK.png
221;Patrik Poulíček;HC Dynamo Pardubice;/mount/src/hokejove_karty/Karty/HC Dynamo Pardubice/Patrik_Poulíček_HC_Dynamo_Pardubice.png
222;Patrik Zdráhal;HC Vítkovice RIDERA;/mount/src/hokejove_karty/Karty/HC Vítkovice RIDERA/Patrik_Zdráhal_HC_Vítkovice_RIDERA.png
223;Pavel Kousal;HC Sparta Praha;/mount/src/hokejove_karty/Karty/HC Sparta Praha/Pavel_Kousal_HC_Sparta_Praha.png
224;Pavel Musil;HC Olomouc;/mount/src/hokejove_karty/Karty/HC Olomouc/Pavel_Musil_HC_Olomouc.png
225;Pavel Pýcha;Banes Motor Č. Budějovice;/mount/src/hokejove_karty/Karty/Banes Motor Č. Budějovice/Pavel_Pýcha_Banes_Motor_Č._Budějovice.png
226;Pavol Skalický;BK Mladá Boleslav;/mount/src/hokejove_karty/Karty/BK Mladá Boleslav/Pavol_Skalický_BK_Mladá_Boleslav.png
227;Pawel Zygmunt;HC VERVA Litvínov;/mount/src/hokejove_karty/Karty/HC VERVA Litvínov/Pawel_Zygmunt_HC_VERVA_Litvínov.png
228;Peter Čerešňák;HC Dynamo Pardubice;/mount/src/hokejove_karty/Karty/HC Dynamo Pardubice/Peter_Čerešňák_HC_Dynamo_Pardubice.png
229;Peter Krieger;HC Vítkovice RIDERA;/mount/src/hokejove_karty/Karty/HC Vítkovice RIDERA/Peter_Krieger_HC_Vítkovice_RIDERA.png
230;Peter Mueller;HC Vítkovice RIDERA;/mount/src/hokejove_karty/Karty/HC Vítkovice RIDERA/Peter_Mueller_HC_Vítkovice_RIDERA.png
231;Petr Fridrich;HC Vítkovice RIDERA;/mount/src/hokejove_karty/Karty/HC Vítkovice RIDERA/Petr_Fridrich_HC_Vítkovice_RIDERA.png
232;Petr Gewiese;BK Mladá Boleslav;/mount/src/hokejove_karty/Karty/BK Mladá Boleslav/Petr_Gewiese_BK_Mladá_Boleslav.png
233;Petr Hauser;HC Sparta Praha;/mount/src/hokejove_karty/Karty/HC Sparta Praha/Petr_Hauser_HC_Sparta_Praha.png
234;Petr Holík;HC Kometa Brno;/mount/src/hokejove_karty/Karty/HC Kometa Brno/Petr_Holík_HC_Kometa_Brno.png
235;Petr Chlán;HC Vítkovice RIDERA;/mount/src/hokejove_karty/Karty/HC Vítkovice RIDERA/Petr_Chlán_HC_Vítkovice_RIDERA.png
236;Petr Kalina;Mountfield HK;/mount/src/hokejove_karty/Karty/Mountfield HK/Petr_Kalina_Mountfield_HK.png
237;Petr Koblasa;HC VERVA Litvínov;/mount/src/hokejove_karty/Karty/HC VERVA Litvínov/Petr_Koblasa_HC_VERVA_Litvínov.png
238;Petr Kratochvíl;HC Kometa Brno;/mount/src/hokejove_karty/Karty/HC Kometa Brno/Petr_Kratochvíl_HC_Kometa_Brno.png
239;Petr Sikora;HC Oceláři Třinec;/mount/src/hokejove_karty/Karty/HC Oceláři Třinec/Petr_Sikora_HC_Oceláři_Třinec.png
240;Petr Straka;HC Škoda Plzeň;/mount/src/hokejove_karty/Karty/HC Škoda Plzeň/Petr_Straka_HC_Škoda_Plzeň.png
241;Petr Vrána;HC Oceláři Třinec;/mount/src/hokejove_karty/Karty/HC Oceláři Třinec/Petr_Vrána_HC_Oceláři_Třinec.png
242;Petr Zámorský;HC Škoda Plzeň;/mount/src/hokejove_karty/Karty/HC Škoda Plzeň/Petr_Zámorský_HC_Škoda_Plzeň.png
243;Radek Jeřábek;HC Vítkovice RIDERA;/mount/src/hokejove_karty/Karty/HC Vítkovice RIDERA/Radek_Jeřábek_HC_Vítkovice_RIDERA.png
244;Radek Kučeřík;HC Kometa Brno;/mount/src/hokejove_karty/Karty/HC Kometa Brno/Radek_Kučeřík_HC_Kometa_Brno.png
245;Radek Mužík;HC Sparta Praha;/mount/src/hokejove_karty/Karty/HC Sparta Praha/Radek_Mužík_HC_Sparta_Praha.png
246;Radek Pilař;Mountfield HK;/mount/src/hokejove_karty/Karty/Mountfield HK/Radek_Pilař_Mountfield_HK.png
247;Radek Smoleňák;Rytíři Kladno;/mount/src/hokejove_karty/Karty/Rytíři Kladno/Radek_Smoleňák_Rytíři_Kladno.png
248;Radim Šalda;HC VERVA Litvínov;/mount/src/hokejove_karty/Karty/HC VERVA Litvínov/Radim_Šalda_HC_VERVA_Litvínov.png
249;Radovan Pavlík;Mountfield HK;/mount/src/hokejove_karty/Karty/Mountfield HK/Radovan_Pavlík_Mountfield_HK.png
250;Ralfs Freibergs;Mountfield HK;/mount/src/hokejove_karty/Karty/Mountfield HK/Ralfs_Freibergs_Mountfield_HK.png
251;Rastislav Dej;HC Vítkovice RIDERA;/mount/src/hokejove_karty/Karty/HC Vítkovice RIDERA/Rastislav_Dej_HC_Vítkovice_RIDERA.png
252;Rhett Holland;HC Kometa Brno;/mount/src/hokejove_karty/Karty/HC Kometa Brno/Rhett_Holland_HC_Kometa_Brno.png
253;Rihards Bukarts;HC Vítkovice RIDERA;/mount/src/hokejove_karty/Karty/HC Vítkovice RIDERA/Rihards_Bukarts_HC_Vítkovice_RIDERA.png
254;Richard Jarůšek;Rytíři Kladno;/mount/src/hokejove_karty/Karty/Rytíři Kladno/Richard_Jarůšek_Rytíři_Kladno.png
255;Richard Nedomlel;HC Oceláři Třinec;/mount/src/hokejove_karty/Karty/HC Oceláři Třinec/Richard_Nedomlel_HC_Oceláři_Třinec.png
256;Richard Pánik;HC Dynamo Pardubice;/mount/src/hokejove_karty/Karty/HC Dynamo Pardubice/Richard_Pánik_HC_Dynamo_Pardubice.png
257;Robert Kousal;HC Dynamo Pardubice;/mount/src/hokejove_karty/Karty/HC Dynamo Pardubice/Robert_Kousal_HC_Dynamo_Pardubice.png
258;Róbert Lantoši;BK Mladá Boleslav;/mount/src/hokejove_karty/Karty/BK Mladá Boleslav/Róbert_Lantoši_BK_Mladá_Boleslav.png
259;Robert Říčka;HC Dynamo Pardubice;/mount/src/hokejove_karty/Karty/HC Dynamo Pardubice/Robert_Říčka_HC_Dynamo_Pardubice.png
260;Roberts Bukarts;HC Vítkovice RIDERA;/mount/src/hokejove_karty/Karty/HC Vítkovice RIDERA/Roberts_Bukarts_HC_Vítkovice_RIDERA.png
261;Rok Macuh;HC Olomouc;/mount/src/hokejove_karty/Karty/HC Olomouc/Rok_Macuh_HC_Olomouc.png
262;Roman Horák;HC Sparta Praha;/mount/src/hokejove_karty/Karty/HC Sparta Praha/Roman_Horák_HC_Sparta_Praha.png
263;Roman Přikryl;HC Energie Karlovy Vary;/mount/src/hokejove_karty/Karty/HC Energie Karlovy Vary/Roman_Přikryl_HC_Energie_Karlovy_Vary.png
264;Roman Vráblík;Banes Motor Č. Budějovice;/mount/src/hokejove_karty/Karty/Banes Motor Č. Budějovice/Roman_Vráblík_Banes_Motor_Č._Budějovice.png
265;Ronald Knot;Bílí Tygři Liberec;/mount/src/hokejove_karty/Karty/Bílí Tygři Liberec/Ronald_Knot_Bílí_Tygři_Liberec.png
266;Sebastian Malát;BK Mladá Boleslav;/mount/src/hokejove_karty/Karty/BK Mladá Boleslav/Sebastian_Malát_BK_Mladá_Boleslav.png
267;Silvester Kusko;HC Olomouc;/mount/src/hokejove_karty/Karty/HC Olomouc/Silvester_Kusko_HC_Olomouc.png
268;Steve Moses;HC Kometa Brno;/mount/src/hokejove_karty/Karty/HC Kometa Brno/Steve_Moses_HC_Kometa_Brno.png
269;Stuart Percy;HC Vítkovice RIDERA;/mount/src/hokejove_karty/Karty/HC Vítkovice RIDERA/Stuart_Percy_HC_Vítkovice_RIDERA.png
270;T.J. Melancon;Bílí Tygři Liberec;/mount/src/hokejove_karty/Karty/Bílí Tygři Liberec/T.J._Melancon_Bílí_Tygři_Liberec.png
271;Tadeáš Hejda;Rytíři Kladno;/mount/src/hokejove_karty/Karty/Rytíři Kladno/Tadeáš_Hejda_Rytíři_Kladno.png
272;Tim Söderlund;HC Škoda Plzeň;/mount/src/hokejove_karty/Karty/HC Škoda Plzeň/Tim_Söderlund_HC_Škoda_Plzeň.png
273;Tomáš Bartejs;HC Energie Karlovy Vary;/mount/src/hokejove_karty/Karty/HC Energie Karlovy Vary/Tomáš_Bartejs_HC_Energie_Karlovy_Vary.png
274;Tomáš Černý;HC Olomouc;/mount/src/hokejove_karty/Karty/HC Olomouc/Tomáš_Černý_HC_Olomouc.png
275;Tomáš Dujsík;HC Škoda Plzeň;/mount/src/hokejove_karty/Karty/HC Škoda Plzeň/Tomáš_Dujsík_HC_Škoda_Plzeň.png
276;Tomáš Dvořák;HC Dynamo Pardubice;/mount/src/hokejove_karty/Karty/HC Dynamo Pardubice/Tomáš_Dvořák_HC_Dynamo_Pardubice.png
277;Tomáš Filippi;Bílí Tygři Liberec;/mount/src/hokejove_karty/Karty/Bílí Tygři Liberec/Tomáš_Filippi_Bílí_Tygři_Liberec.png
278;Tomáš Fořt;BK Mladá Boleslav;/mount/src/hokejove_karty/Karty/BK Mladá Boleslav/Tomáš_Fořt_BK_Mladá_Boleslav.png
279;Tomáš Galvas;Bílí Tygři Liberec;/mount/src/hokejove_karty/Karty/Bílí Tygři Liberec/Tomáš_Galvas_Bílí_Tygři_Liberec.png
280;Tomáš Havlín;HC Energie Karlovy Vary;/mount/src/hokejove_karty/Karty/HC Energie Karlovy Vary/Tomáš_Havlín_HC_Energie_Karlovy_Vary.png
281;Tomáš Hyka;HC Dynamo Pardubice;/mount/src/hokejove_karty/Karty/HC Dynamo Pardubice/Tomáš_Hyka_HC_Dynamo_Pardubice.png
282;Tomáš Chlubna;Banes Motor Č. Budějovice;/mount/src/hokejove_karty/Karty/Banes Motor Č. Budějovice/Tomáš_Chlubna_Banes_Motor_Č._Budějovice.png
283;Tomáš Kundrátek;HC Oceláři Třinec;/mount/src/hokejove_karty/Karty/HC Oceláři Třinec/Tomáš_Kundrátek_HC_Oceláři_Třinec.png
284;Tomáš Marcinko;HC Kometa Brno;/mount/src/hokejove_karty/Karty/HC Kometa Brno/Tomáš_Marcinko_HC_Kometa_Brno.png
285;Tomáš Mertl;HC Škoda Plzeň;/mount/src/hokejove_karty/Karty/HC Škoda Plzeň/Tomáš_Mertl_HC_Škoda_Plzeň.png
286;Tomáš Pavelka;Mountfield HK;/mount/src/hokejove_karty/Karty/Mountfield HK/Tomáš_Pavelka_Mountfield_HK.png
287;Tomáš Plekanec;Rytíři Kladno;/mount/src/hokejove_karty/Karty/Rytíři Kladno/Tomáš_Plekanec_Rytíři_Kladno.png
288;Tomáš Rachůnek;HC Energie Karlovy Vary;/mount/src/hokejove_karty/Karty/HC Energie Karlovy Vary/Tomáš_Rachůnek_HC_Energie_Karlovy_Vary.png
289;Tomáš Redlich;HC Energie Karlovy Vary;/mount/src/hokejove_karty/Karty/HC Energie Karlovy Vary/Tomáš_Redlich_HC_Energie_Karlovy_Vary.png
290;Tomáš Šmerha;BK Mladá Boleslav;/mount/src/hokejove_karty/Karty/BK Mladá Boleslav/Tomáš_Šmerha_BK_Mladá_Boleslav.png
291;Tomáš Šoustal;HC Vítkovice RIDERA;/mount/src/hokejove_karty/Karty/HC Vítkovice RIDERA/Tomáš_Šoustal_HC_Vítkovice_RIDERA.png
292;Tomáš Tomek;HC Sparta Praha;/mount/src/hokejove_karty/Karty/HC Sparta Praha/Tomáš_Tomek_HC_Sparta_Praha.png
293;Tomáš Urban;HC Dynamo Pardubice;/mount/src/hokejove_karty/Karty/HC Dynamo Pardubice/Tomáš_Urban_HC_Dynamo_Pardubice.png
294;Tomáš Vincour;HC Kometa Brno;/mount/src/hokejove_karty/Karty/HC Kometa Brno/Tomáš_Vincour_HC_Kometa_Brno.png
295;Tomáš Vondráček;HC Dynamo Pardubice;/mount/src/hokejove_karty/Karty/HC Dynamo Pardubice/Tomáš_Vondráček_HC_Dynamo_Pardubice.png
296;Tomáš Zohorna;HC Dynamo Pardubice;/mount/src/hokejove_karty/Karty/HC Dynamo Pardubice/Tomáš_Zohorna_HC_Dynamo_Pardubice.png
297;Václav Veber;Rytíři Kladno;/mount/src/hokejove_karty/Karty/Rytíři Kladno/Václav_Veber_Rytíři_Kladno.png
298;Valentin Claireaux;HC Vítkovice RIDERA;/mount/src/hokejove_karty/Karty/HC Vítkovice RIDERA/Valentin_Claireaux_HC_Vítkovice_RIDERA.png
299;Viliam Čacho;HC Oceláři Třinec;/mount/src/hokejove_karty/Karty/HC Oceláři Třinec/Viliam_Čacho_HC_Oceláři_Třinec.png
300;Vít Jiskra;HC Energie Karlovy Vary;/mount/src/hokejove_karty/Karty/HC Energie Karlovy Vary/Vít_Jiskra_HC_Energie_Karlovy_Vary.png
301;Vladimír Dravecký;HC Oceláři Třinec;/mount/src/hokejove_karty/Karty/HC Oceláři Třinec/Vladimír_Dravecký_HC_Oceláři_Třinec.png
302;Vladimír Sobotka;HC Sparta Praha;/mount/src/hokejove_karty/Karty/HC Sparta Praha/Vladimír_Sobotka_HC_Sparta_Praha.png
303;Vojtěch Budík;Bílí Tygři Liberec;/mount/src/hokejove_karty/Karty/Bílí Tygři Liberec/Vojtěch_Budík_Bílí_Tygři_Liberec.png
304;Vojtěch Hradec;BK Mladá Boleslav;/mount/src/hokejove_karty/Karty/BK Mladá Boleslav/Vojtěch_Hradec_BK_Mladá_Boleslav.png
305;Vojtěch Mozík;HC Sparta Praha;/mount/src/hokejove_karty/Karty/HC Sparta Praha/Vojtěch_Mozík_HC_Sparta_Praha.png
306;Willie Raskob;HC Vítkovice RIDERA;/mount/src/hokejove_karty/Karty/HC Vítkovice RIDERA/Willie_Raskob_HC_Vítkovice_RIDERA.png
307;Yohann Auvitu;HC Vítkovice RIDERA;/mount/src/hokejove_karty/Karty/HC Vítkovice RIDERA/Yohann_Auvitu_HC_Vítkovice_RIDERA.png
308;Zach Osburn;HC Kometa Brno;/mount/src/hokejove_karty/Karty/HC Kometa Brno/Zach_Osburn_HC_Kometa_Brno.png
309;Zdeněk Okál;HC Kometa Brno;/mount/src/hokejove_karty/Karty/HC Kometa Brno/Zdeněk_Okál_HC_Kometa_Brno.png
310;Adam Brízgala;Rytíři Kladno;/mount/src/hokejove_karty/Karty/Rytíři Kladno/Adam_Brízgala_Rytíři_Kladno.png
311;Branislav Konrád;HC Olomouc;/mount/src/hokejove_karty/Karty/HC Olomouc/Branislav_Konrád_HC_Olomouc.png
312;Daniel Král;Bílí Tygři Liberec;/mount/src/hokejove_karty/Karty/Bílí Tygři Liberec/Daniel_Král_Bílí_Tygři_Liberec.png
313;Dávid Hrenák;Bílí Tygři Liberec;/mount/src/hokejove_karty/Karty/Bílí Tygři Liberec/Dávid_Hrenák_Bílí_Tygři_Liberec.png
314;Dominik Frodl;HC Energie Karlovy Vary;/mount/src/hokejove_karty/Karty/HC Energie Karlovy Vary/Dominik_Frodl_HC_Energie_Karlovy_Vary.png
315;Dominik Furch;HC Kometa Brno;/mount/src/hokejove_karty/Karty/HC Kometa Brno/Dominik_Furch_HC_Kometa_Brno.png
316;Dominik Hrachovina;Banes Motor Č. Budějovice;/mount/src/hokejove_karty/Karty/Banes Motor Č. Budějovice/Dominik_Hrachovina_Banes_Motor_Č._Budějovice.png
317;Dominik Pavlát;HC Dynamo Pardubice;/mount/src/hokejove_karty/Karty/HC Dynamo Pardubice/Dominik_Pavlát_HC_Dynamo_Pardubice.png
318;Eetu Laurikainen;Mountfield HK;/mount/src/hokejove_karty/Karty/Mountfield HK/Eetu_Laurikainen_Mountfield_HK.png
319;Filip Novotný;BK Mladá Boleslav;/mount/src/hokejove_karty/Karty/BK Mladá Boleslav/Filip_Novotný_BK_Mladá_Boleslav.png
320;Henri Kiviaho;Mountfield HK;/mount/src/hokejove_karty/Karty/Mountfield HK/Henri_Kiviaho_Mountfield_HK.png
321;Jakub Kovář;HC Sparta Praha;/mount/src/hokejove_karty/Karty/HC Sparta Praha/Jakub_Kovář_HC_Sparta_Praha.png
322;Jakub Sedláček;HC Olomouc;/mount/src/hokejove_karty/Karty/HC Olomouc/Jakub_Sedláček_HC_Olomouc.png
323;Jan Kavan;HC Kometa Brno;/mount/src/hokejove_karty/Karty/HC Kometa Brno/Jan_Kavan_HC_Kometa_Brno.png
324;Jan Lukáš;Mountfield HK;/mount/src/hokejove_karty/Karty/Mountfield HK/Jan_Lukáš_Mountfield_HK.png
325;Jan Růžička;BK Mladá Boleslav;/mount/src/hokejove_karty/Karty/BK Mladá Boleslav/Jan_Růžička_BK_Mladá_Boleslav.png
326;Jan Strmeň;Banes Motor Č. Budějovice;/mount/src/hokejove_karty/Karty/Banes Motor Č. Budějovice/Jan_Strmeň_Banes_Motor_Č._Budějovice.png
327;Josef Kořenář;HC Sparta Praha;/mount/src/hokejove_karty/Karty/HC Sparta Praha/Josef_Kořenář_HC_Sparta_Praha.png
328;Landon Bow;Rytíři Kladno;/mount/src/hokejove_karty/Karty/Rytíři Kladno/Landon_Bow_Rytíři_Kladno.png
329;Lukáš Klimeš;HC Vítkovice RIDERA;/mount/src/hokejove_karty/Karty/HC Vítkovice RIDERA/Lukáš_Klimeš_HC_Vítkovice_RIDERA.png
330;Lukáš Pařík;Mountfield HK;/mount/src/hokejove_karty/Karty/Mountfield HK/Lukáš_Pařík_Mountfield_HK.png
331;Marek Mazanec;HC Oceláři Třinec;/mount/src/hokejove_karty/Karty/HC Oceláři Třinec/Marek_Mazanec_HC_Oceláři_Třinec.png
332;Mareks Mitens;Rytíři Kladno;/mount/src/hokejove_karty/Karty/Rytíři Kladno/Mareks_Mitens_Rytíři_Kladno.png
333;Matěj Machovský;HC Vítkovice RIDERA;/mount/src/hokejove_karty/Karty/HC Vítkovice RIDERA/Matěj_Machovský_HC_Vítkovice_RIDERA.png
334;Matej Tomek;HC VERVA Litvínov;/mount/src/hokejove_karty/Karty/HC VERVA Litvínov/Matej_Tomek_HC_VERVA_Litvínov.png
335;Milan Klouček;HC Škoda Plzeň;/mount/src/hokejove_karty/Karty/HC Škoda Plzeň/Milan_Klouček_HC_Škoda_Plzeň.png
336;Ondřej Kacetl;HC Oceláři Třinec;/mount/src/hokejove_karty/Karty/HC Oceláři Třinec/Ondřej_Kacetl_HC_Oceláři_Třinec.png
337;Patrik Bartošák;Mountfield HK;/mount/src/hokejove_karty/Karty/Mountfield HK/Patrik_Bartošák_Mountfield_HK.png
338;Roman Will;HC Dynamo Pardubice;/mount/src/hokejove_karty/Karty/HC Dynamo Pardubice/Roman_Will_HC_Dynamo_Pardubice.png
339;Samuel Hlavaj;HC Škoda Plzeň;/mount/src/hokejove_karty/Karty/HC Škoda Plzeň/Samuel_Hlavaj_HC_Škoda_Plzeň.png
340;Šimon Zajíček;HC VERVA Litvínov;/mount/src/hokejove_karty/Karty/HC VERVA Litvínov/Šimon_Zajíček_HC_VERVA_Litvínov.png
341;Štěpán Lukeš;HC Kometa Brno;/mount/src/hokejove_karty/Karty/HC Kometa Brno/Štěpán_Lukeš_HC_Kometa_Brno.png
342;Vladislav Habal;HC Energie Karlovy Vary;/mount/src/hokejove_karty/Karty/HC Energie Karlovy Vary/Vladislav_Habal_HC_Energie_Karlovy_Vary.png
